id,url
MDI0OlB1bGxSZXF1ZXN0UmV2aWV3Q29tbWVudDM4NzEyODc0Ng==,https://github.com/telstra/open-kilda/pull/3109#discussion_r387128746
MDI0OlB1bGxSZXF1ZXN0UmV2aWV3Q29tbWVudDQzNDk3NDgxNw==,https://github.com/ballerina-platform/ballerina-lang/pull/22439#discussion_r434974817
MDI0OlB1bGxSZXF1ZXN0UmV2aWV3Q29tbWVudDQzOTQ1NjQyNg==,https://github.com/apache/incubator-doris/pull/3063#discussion_r439456426
MDI0OlB1bGxSZXF1ZXN0UmV2aWV3Q29tbWVudDM2NzQ3MzE5MA==,https://github.com/apache/flink/pull/10832#discussion_r367473190
MDI0OlB1bGxSZXF1ZXN0UmV2aWV3Q29tbWVudDU1Njc3NjgxNw==,https://github.com/keycloak/keycloak/pull/7678#discussion_r556776817
MDI0OlB1bGxSZXF1ZXN0UmV2aWV3Q29tbWVudDQwMDMwOTY1OA==,https://github.com/Azure/azure-sdk-for-java/pull/9654#discussion_r400309658
MDI0OlB1bGxSZXF1ZXN0UmV2aWV3Q29tbWVudDUzMTUxODEyOQ==,https://github.com/pravega/pravega/pull/5250#discussion_r531518129
MDI0OlB1bGxSZXF1ZXN0UmV2aWV3Q29tbWVudDQzNzUzNTA3OA==,https://github.com/GoogleCloudPlatform/fda-mystudies/pull/444#discussion_r437535078
MDI0OlB1bGxSZXF1ZXN0UmV2aWV3Q29tbWVudDQ1MjUzNDM1OQ==,https://github.com/Azure/azure-sdk-for-android/pull/252#discussion_r452534359
MDI0OlB1bGxSZXF1ZXN0UmV2aWV3Q29tbWVudDQwMzUxNDM1Ng==,https://github.com/openhab/openhab-addons/pull/7178#discussion_r403514356
MDI0OlB1bGxSZXF1ZXN0UmV2aWV3Q29tbWVudDM5NjM0MDY1Ng==,https://github.com/apache/kafka/pull/8330#discussion_r396340656
MDI0OlB1bGxSZXF1ZXN0UmV2aWV3Q29tbWVudDU0NDU1NzcwNg==,https://github.com/smartdevicelink/sdl_java_suite/pull/1555#discussion_r544557706
MDI0OlB1bGxSZXF1ZXN0UmV2aWV3Q29tbWVudDM3MzEzMDgzOA==,https://github.com/apache/ozone/pull/503#discussion_r373130838
MDI0OlB1bGxSZXF1ZXN0UmV2aWV3Q29tbWVudDQzNjM0MTUyNw==,https://github.com/ls1intum/Artemis/pull/1581#discussion_r436341527
MDI0OlB1bGxSZXF1ZXN0UmV2aWV3Q29tbWVudDQyNzQ0NzcxNQ==,https://github.com/OpenLiberty/open-liberty/pull/12243#discussion_r427447715
MDI0OlB1bGxSZXF1ZXN0UmV2aWV3Q29tbWVudDQ0NTg0MTMxMw==,https://github.com/OpenNMS/opennms/pull/3025#discussion_r445841313
MDI0OlB1bGxSZXF1ZXN0UmV2aWV3Q29tbWVudDQ1NjU5OTQyMw==,https://github.com/pravega/pravega/pull/4716#discussion_r456599423
MDI0OlB1bGxSZXF1ZXN0UmV2aWV3Q29tbWVudDQxNzI1NTE2Ng==,https://github.com/kiegroup/appformer/pull/933#discussion_r417255166
MDI0OlB1bGxSZXF1ZXN0UmV2aWV3Q29tbWVudDUzMTQ3NTU0OQ==,https://github.com/open-telemetry/opentelemetry-java/pull/2060#discussion_r531475549
MDI0OlB1bGxSZXF1ZXN0UmV2aWV3Q29tbWVudDQ1NTg2MDQxNQ==,https://github.com/opendistro-for-elasticsearch/sql/pull/577#discussion_r455860415
MDI0OlB1bGxSZXF1ZXN0UmV2aWV3Q29tbWVudDQxNDQwNjgyNw==,https://github.com/apache/iotdb/pull/1090#discussion_r414406827
MDI0OlB1bGxSZXF1ZXN0UmV2aWV3Q29tbWVudDQ5MjU2MjU3NQ==,https://github.com/dhis2/dhis2-core/pull/6165#discussion_r492562575
MDI0OlB1bGxSZXF1ZXN0UmV2aWV3Q29tbWVudDU1NDI5MDAzMA==,https://github.com/CorfuDB/CorfuDB/pull/2826#discussion_r554290030
MDI0OlB1bGxSZXF1ZXN0UmV2aWV3Q29tbWVudDQzMzE4ODk0MA==,https://github.com/openhab/openhab-addons/pull/7830#discussion_r433188940
MDI0OlB1bGxSZXF1ZXN0UmV2aWV3Q29tbWVudDQ3Mjk4NzQxOA==,https://github.com/apache/flink/pull/13175#discussion_r472987418
MDI0OlB1bGxSZXF1ZXN0UmV2aWV3Q29tbWVudDUxNTI1OTUxNw==,https://github.com/open-telemetry/opentelemetry-java/pull/1941#discussion_r515259517
MDI0OlB1bGxSZXF1ZXN0UmV2aWV3Q29tbWVudDM4NjcxNjMwNg==,https://github.com/openhab/openhab-addons/pull/6911#discussion_r386716306
MDI0OlB1bGxSZXF1ZXN0UmV2aWV3Q29tbWVudDQ5MjIxODQwMQ==,https://github.com/oracle/weblogic-kubernetes-operator/pull/1931#discussion_r492218401
MDI0OlB1bGxSZXF1ZXN0UmV2aWV3Q29tbWVudDM3MTQ2NDczNQ==,https://github.com/Azure/azure-sdk-for-java/pull/7589#discussion_r371464735
MDI0OlB1bGxSZXF1ZXN0UmV2aWV3Q29tbWVudDUzMzU5NjA0Ng==,https://github.com/apache/ozone/pull/1645#discussion_r533596046
MDI0OlB1bGxSZXF1ZXN0UmV2aWV3Q29tbWVudDU0NTU5MTkzMA==,https://github.com/minio/minio-java/pull/1133#discussion_r545591930
MDI0OlB1bGxSZXF1ZXN0UmV2aWV3Q29tbWVudDM4MTE0NzA4MQ==,https://github.com/eclipse/che-che4z-lsp-for-cobol/pull/207#discussion_r381147081
MDI0OlB1bGxSZXF1ZXN0UmV2aWV3Q29tbWVudDQ0MjMxNzQxNg==,https://github.com/pravega/pravega/pull/4881#discussion_r442317416
MDI0OlB1bGxSZXF1ZXN0UmV2aWV3Q29tbWVudDM2NDAyMDA5Mg==,https://github.com/Azure/azure-sdk-for-java/pull/7254#discussion_r364020092
MDI0OlB1bGxSZXF1ZXN0UmV2aWV3Q29tbWVudDQzNjk1MDE0Mg==,https://github.com/linkedin/rest.li/pull/321#discussion_r436950142
MDI0OlB1bGxSZXF1ZXN0UmV2aWV3Q29tbWVudDUyOTU0MDc4NQ==,https://github.com/elastic/apm-agent-java/pull/1531#discussion_r529540785
MDI0OlB1bGxSZXF1ZXN0UmV2aWV3Q29tbWVudDQ1NjgyMDEzNQ==,https://github.com/MovingBlocks/Terasology/pull/4089#discussion_r456820135
MDI0OlB1bGxSZXF1ZXN0UmV2aWV3Q29tbWVudDQ4ODg2ODE3Mw==,https://github.com/strimzi/strimzi-kafka-operator/pull/3653#discussion_r488868173
MDI0OlB1bGxSZXF1ZXN0UmV2aWV3Q29tbWVudDQxMjc4NTk5Nw==,https://github.com/edx/edx-app-android/pull/1405#discussion_r412785997
MDI0OlB1bGxSZXF1ZXN0UmV2aWV3Q29tbWVudDQyMTExNTY0Nw==,https://github.com/graphhopper/graphhopper/pull/2026#discussion_r421115647
MDI0OlB1bGxSZXF1ZXN0UmV2aWV3Q29tbWVudDU0NzU0NzE2NQ==,https://github.com/apache/iceberg/pull/1875#discussion_r547547165
MDI0OlB1bGxSZXF1ZXN0UmV2aWV3Q29tbWVudDM2ODQ2NDU0Mg==,https://github.com/apache/flink/pull/10736#discussion_r368464542
MDI0OlB1bGxSZXF1ZXN0UmV2aWV3Q29tbWVudDUyNjMxOTUxMA==,https://github.com/jellyfin/jellyfin-androidtv/pull/632#discussion_r526319510
MDI0OlB1bGxSZXF1ZXN0UmV2aWV3Q29tbWVudDQ1ODMyMDIwMQ==,https://github.com/IBM/FHIR/pull/1345#discussion_r458320201
MDI0OlB1bGxSZXF1ZXN0UmV2aWV3Q29tbWVudDM3MzIxNzMzOA==,https://github.com/all-of-us/workbench/pull/3065#discussion_r373217338
MDI0OlB1bGxSZXF1ZXN0UmV2aWV3Q29tbWVudDQ0NTEwNjU5NQ==,https://github.com/apache/beam/pull/11749#discussion_r445106595
MDI0OlB1bGxSZXF1ZXN0UmV2aWV3Q29tbWVudDQ4OTAwMDc1OA==,https://github.com/apache/accumulo/pull/1653#discussion_r489000758
MDI0OlB1bGxSZXF1ZXN0UmV2aWV3Q29tbWVudDU0ODM0NTc5NA==,https://github.com/openhab/openhab-addons/pull/9259#discussion_r548345794
MDI0OlB1bGxSZXF1ZXN0UmV2aWV3Q29tbWVudDM4MzU5NjEwNw==,https://github.com/linkedin/cruise-control/pull/1108#discussion_r383596107
MDI0OlB1bGxSZXF1ZXN0UmV2aWV3Q29tbWVudDU0NDQzNTU5Ng==,https://github.com/elastic/elasticsearch/pull/66349#discussion_r544435596
MDI0OlB1bGxSZXF1ZXN0UmV2aWV3Q29tbWVudDQ2MDA0NjM0Nw==,https://github.com/ankidroid/Anki-Android/pull/6372#discussion_r460046347
MDI0OlB1bGxSZXF1ZXN0UmV2aWV3Q29tbWVudDU1OTI5ODEwNA==,https://github.com/apache/iotdb/pull/2184#discussion_r559298104
MDI0OlB1bGxSZXF1ZXN0UmV2aWV3Q29tbWVudDQ0Nzk3NDY4MA==,https://github.com/ConsenSys/teku/pull/2270#discussion_r447974680
MDI0OlB1bGxSZXF1ZXN0UmV2aWV3Q29tbWVudDQyNDAzNjk3MA==,https://github.com/apache/beam/pull/11339#discussion_r424036970
MDI0OlB1bGxSZXF1ZXN0UmV2aWV3Q29tbWVudDQzMjQxMzQ1Mg==,https://github.com/apache/rocketmq/pull/1985#discussion_r432413452
MDI0OlB1bGxSZXF1ZXN0UmV2aWV3Q29tbWVudDUxNDIxMzgxNA==,https://github.com/eclipse-openj9/openj9/pull/11016#discussion_r514213814
MDI0OlB1bGxSZXF1ZXN0UmV2aWV3Q29tbWVudDM2OTQxNTg0NA==,https://github.com/strimzi/strimzi-kafka-operator/pull/2389#discussion_r369415844
MDI0OlB1bGxSZXF1ZXN0UmV2aWV3Q29tbWVudDUwNjA1ODY5MQ==,https://github.com/line/armeria/pull/3110#discussion_r506058691
MDI0OlB1bGxSZXF1ZXN0UmV2aWV3Q29tbWVudDUxMjgyNTMxMA==,https://github.com/oracle/opengrok/pull/3328#discussion_r512825310
MDI0OlB1bGxSZXF1ZXN0UmV2aWV3Q29tbWVudDUwODQ1NzcxNw==,https://github.com/IBM/FHIR/pull/1603#discussion_r508457717
MDI0OlB1bGxSZXF1ZXN0UmV2aWV3Q29tbWVudDQxMTg5MTE2Mg==,https://github.com/elastic/elasticsearch/pull/55473#discussion_r411891162
MDI0OlB1bGxSZXF1ZXN0UmV2aWV3Q29tbWVudDU1MjM1NjA5OA==,https://github.com/AzureAD/microsoft-authentication-library-common-for-android/pull/1179#discussion_r552356098
MDI0OlB1bGxSZXF1ZXN0UmV2aWV3Q29tbWVudDQyMzI5OTY0MQ==,https://github.com/yahoo/elide/pull/1259#discussion_r423299641
MDI0OlB1bGxSZXF1ZXN0UmV2aWV3Q29tbWVudDM4NzA5OTU3OA==,https://github.com/hashgraph/hedera-mirror-node/pull/579#discussion_r387099578
MDI0OlB1bGxSZXF1ZXN0UmV2aWV3Q29tbWVudDQ4NTcwNTcwOQ==,https://github.com/geoserver/geoserver/pull/4479#discussion_r485705709
MDI0OlB1bGxSZXF1ZXN0UmV2aWV3Q29tbWVudDM3MjE2MDYxMw==,https://github.com/all-of-us/workbench/pull/3040#discussion_r372160613
MDI0OlB1bGxSZXF1ZXN0UmV2aWV3Q29tbWVudDM3MDg1NDYwOA==,https://github.com/getodk/collect/pull/3606#discussion_r370854608
MDI0OlB1bGxSZXF1ZXN0UmV2aWV3Q29tbWVudDQ2NDUwMjcwNQ==,https://github.com/oracle/graal/pull/2674#discussion_r464502705
MDI0OlB1bGxSZXF1ZXN0UmV2aWV3Q29tbWVudDQ3MTk3MDQxMw==,https://github.com/line/armeria/pull/2999#discussion_r471970413
MDI0OlB1bGxSZXF1ZXN0UmV2aWV3Q29tbWVudDM3MTk5Mzk0Nw==,https://github.com/PGMDev/PGM/pull/270#discussion_r371993947
MDI0OlB1bGxSZXF1ZXN0UmV2aWV3Q29tbWVudDQ5NzgzNjQyNA==,https://github.com/Azure/azure-sdk-for-android/pull/346#discussion_r497836424
MDI0OlB1bGxSZXF1ZXN0UmV2aWV3Q29tbWVudDUxMDY5NjUwMQ==,https://github.com/kiegroup/jbpm/pull/1767#discussion_r510696501
MDI0OlB1bGxSZXF1ZXN0UmV2aWV3Q29tbWVudDM4MDcxOTY2MQ==,https://github.com/hugegraph/hugegraph/pull/854#discussion_r380719661
MDI0OlB1bGxSZXF1ZXN0UmV2aWV3Q29tbWVudDQ5MTY5NzU0Mg==,https://github.com/smallrye/smallrye-reactive-messaging/pull/760#discussion_r491697542
MDI0OlB1bGxSZXF1ZXN0UmV2aWV3Q29tbWVudDUzNDk4NjIyNQ==,https://github.com/keycloak/keycloak/pull/7652#discussion_r534986225
MDI0OlB1bGxSZXF1ZXN0UmV2aWV3Q29tbWVudDM3MTE4MDc5OA==,https://github.com/AxonFramework/AxonFramework/pull/1330#discussion_r371180798
MDI0OlB1bGxSZXF1ZXN0UmV2aWV3Q29tbWVudDQzOTcxNTQwNw==,https://github.com/openhab/openhab-addons/pull/7533#discussion_r439715407
MDI0OlB1bGxSZXF1ZXN0UmV2aWV3Q29tbWVudDU0NjUzNzMwNQ==,https://github.com/vaadin/flow/pull/9676#discussion_r546537305
MDI0OlB1bGxSZXF1ZXN0UmV2aWV3Q29tbWVudDUxOTcyMzg2NQ==,https://github.com/fabric8io/kubernetes-client/pull/2501#discussion_r519723865
MDI0OlB1bGxSZXF1ZXN0UmV2aWV3Q29tbWVudDQwODExNzkyNw==,https://github.com/kiegroup/kogito-runtimes/pull/439#discussion_r408117927
MDI0OlB1bGxSZXF1ZXN0UmV2aWV3Q29tbWVudDU2MjM4NTIzMQ==,https://github.com/apache/ozone/pull/1701#discussion_r562385231
MDI0OlB1bGxSZXF1ZXN0UmV2aWV3Q29tbWVudDM5MDI5MDAzOA==,https://github.com/kiegroup/drools/pull/2808#discussion_r390290038
MDI0OlB1bGxSZXF1ZXN0UmV2aWV3Q29tbWVudDM3NTMyMzc3OA==,https://github.com/all-of-us/workbench/pull/3091#discussion_r375323778
MDI0OlB1bGxSZXF1ZXN0UmV2aWV3Q29tbWVudDQ1NzcxMTUzOQ==,https://github.com/apache/iceberg/pull/1221#discussion_r457711539
MDI0OlB1bGxSZXF1ZXN0UmV2aWV3Q29tbWVudDY1OTIyMzUzMA==,https://github.com/EssentialsX/Essentials/pull/3844#discussion_r659223530
MDI0OlB1bGxSZXF1ZXN0UmV2aWV3Q29tbWVudDQ3OTc5NjgzNw==,https://github.com/runelite/runelite/pull/12354#discussion_r479796837
MDI0OlB1bGxSZXF1ZXN0UmV2aWV3Q29tbWVudDM2NTgzMTQ4MA==,https://github.com/marklogic/marklogic-data-hub/pull/3450#discussion_r365831480
MDI0OlB1bGxSZXF1ZXN0UmV2aWV3Q29tbWVudDM4MTQyNTI5OQ==,https://github.com/confluentinc/ksql/pull/4581#discussion_r381425299
MDI0OlB1bGxSZXF1ZXN0UmV2aWV3Q29tbWVudDQ5MjgyNDI0Nw==,https://github.com/apache/druid/pull/10401#discussion_r492824247
MDI0OlB1bGxSZXF1ZXN0UmV2aWV3Q29tbWVudDQzNjI4OTc2NA==,https://github.com/knowm/XChange/pull/3539#discussion_r436289764
MDI0OlB1bGxSZXF1ZXN0UmV2aWV3Q29tbWVudDM5NjM3MDkxNw==,https://github.com/trinodb/trino/pull/3206#discussion_r396370917
MDI0OlB1bGxSZXF1ZXN0UmV2aWV3Q29tbWVudDQwNTkwNzU1MA==,https://github.com/line/armeria/pull/2636#discussion_r405907550
MDI0OlB1bGxSZXF1ZXN0UmV2aWV3Q29tbWVudDQ2MzQ5MDc0OA==,https://github.com/kiegroup/kogito-runtimes/pull/477#discussion_r463490748
MDI0OlB1bGxSZXF1ZXN0UmV2aWV3Q29tbWVudDM4MDAzODY2NQ==,https://github.com/apache/iotdb/pull/818#discussion_r380038665
MDI0OlB1bGxSZXF1ZXN0UmV2aWV3Q29tbWVudDQ0ODE5ODYzNQ==,https://github.com/camunda-cloud/zeebe/pull/4857#discussion_r448198635
MDI0OlB1bGxSZXF1ZXN0UmV2aWV3Q29tbWVudDQwNzc5MTYxNw==,https://github.com/apache/helix/pull/924#discussion_r407791617
MDI0OlB1bGxSZXF1ZXN0UmV2aWV3Q29tbWVudDUwMDI1NDcxOA==,https://github.com/apache/hadoop/pull/2354#discussion_r500254718
MDI0OlB1bGxSZXF1ZXN0UmV2aWV3Q29tbWVudDQwNTM0ODI5OA==,https://github.com/telstra/open-kilda/pull/3313#discussion_r405348298
MDI0OlB1bGxSZXF1ZXN0UmV2aWV3Q29tbWVudDU1MDA4NDgxMA==,https://github.com/SonarSource/sonar-java/pull/3365#discussion_r550084810
MDI0OlB1bGxSZXF1ZXN0UmV2aWV3Q29tbWVudDQzOTE1MzM3Mw==,https://github.com/ConsenSys/teku/pull/2097#discussion_r439153373
MDI0OlB1bGxSZXF1ZXN0UmV2aWV3Q29tbWVudDQ2ODgwOTUxOA==,https://github.com/Azure/azure-sdk-for-java/pull/13984#discussion_r468809518
MDI0OlB1bGxSZXF1ZXN0UmV2aWV3Q29tbWVudDM2NzQwNTY1NA==,https://github.com/confluentinc/ksql/pull/4320#discussion_r367405654
MDI0OlB1bGxSZXF1ZXN0UmV2aWV3Q29tbWVudDQzOTQ3NjM3MA==,https://github.com/elastic/elasticsearch/pull/58056#discussion_r439476370
MDI0OlB1bGxSZXF1ZXN0UmV2aWV3Q29tbWVudDUyNjUxODk1Mg==,https://github.com/ConsenSys/teku/pull/3256#discussion_r526518952
MDI0OlB1bGxSZXF1ZXN0UmV2aWV3Q29tbWVudDQzODI3NTEyNg==,https://github.com/Alluxio/alluxio/pull/11513#discussion_r438275126
MDI0OlB1bGxSZXF1ZXN0UmV2aWV3Q29tbWVudDUxNTkyMDUwMQ==,https://github.com/wso2/product-microgateway/pull/1457#discussion_r515920501
MDI0OlB1bGxSZXF1ZXN0UmV2aWV3Q29tbWVudDM4MzAwOTA0OQ==,https://github.com/quarkusio/quarkus/pull/7339#discussion_r383009049
MDI0OlB1bGxSZXF1ZXN0UmV2aWV3Q29tbWVudDM2ODQ0MjI3OQ==,https://github.com/wso2/product-microgateway/pull/932#discussion_r368442279
MDI0OlB1bGxSZXF1ZXN0UmV2aWV3Q29tbWVudDM3MzczMzg4NQ==,https://github.com/apache/ozone/pull/504#discussion_r373733885
MDI0OlB1bGxSZXF1ZXN0UmV2aWV3Q29tbWVudDQzNjc0NTI1Mw==,https://github.com/nuxeo/nuxeo/pull/4027#discussion_r436745253
MDI0OlB1bGxSZXF1ZXN0UmV2aWV3Q29tbWVudDQyNjE2Nzk1OQ==,https://github.com/MovingBlocks/Terasology/pull/3948#discussion_r426167959
MDI0OlB1bGxSZXF1ZXN0UmV2aWV3Q29tbWVudDQ2MTI3NTIyNA==,https://github.com/kiegroup/kogito-apps/pull/265#discussion_r461275224
MDI0OlB1bGxSZXF1ZXN0UmV2aWV3Q29tbWVudDQ4OTIzNTQxNA==,https://github.com/openhab/openhab-addons/pull/8464#discussion_r489235414
MDI0OlB1bGxSZXF1ZXN0UmV2aWV3Q29tbWVudDQwNjYyMjc3NQ==,https://github.com/linkedin/ambry/pull/1434#discussion_r406622775
MDI0OlB1bGxSZXF1ZXN0UmV2aWV3Q29tbWVudDQzNjIzMzU1Mg==,https://github.com/open-telemetry/opentelemetry-java/pull/1301#discussion_r436233552
MDI0OlB1bGxSZXF1ZXN0UmV2aWV3Q29tbWVudDM5MjIxMTM1MQ==,https://github.com/open-telemetry/opentelemetry-java/pull/1003#discussion_r392211351
MDI0OlB1bGxSZXF1ZXN0UmV2aWV3Q29tbWVudDUwMjY0Njk3OA==,https://github.com/apache/helix/pull/1439#discussion_r502646978
MDI0OlB1bGxSZXF1ZXN0UmV2aWV3Q29tbWVudDQ2MDU2MTQwMw==,https://github.com/ankidroid/Anki-Android/pull/6750#discussion_r460561403
MDI0OlB1bGxSZXF1ZXN0UmV2aWV3Q29tbWVudDQ2MzgxODk2Nw==,https://github.com/prestodb/presto/pull/14728#discussion_r463818967
MDI0OlB1bGxSZXF1ZXN0UmV2aWV3Q29tbWVudDM4OTMxODI5Mg==,https://github.com/openhab/openhab-addons/pull/6911#discussion_r389318292
MDI0OlB1bGxSZXF1ZXN0UmV2aWV3Q29tbWVudDUxNzk3NzQxMw==,https://github.com/apache/flink/pull/13735#discussion_r517977413
MDI0OlB1bGxSZXF1ZXN0UmV2aWV3Q29tbWVudDUxNjQ3ODYyNg==,https://github.com/linkedin/cruise-control/pull/1368#discussion_r516478626
MDI0OlB1bGxSZXF1ZXN0UmV2aWV3Q29tbWVudDM3NTUwNjQ4Ng==,https://github.com/broadinstitute/picard/pull/1463#discussion_r375506486
MDI0OlB1bGxSZXF1ZXN0UmV2aWV3Q29tbWVudDQyNTg5MTk4Ng==,https://github.com/DataDog/dd-trace-java/pull/1365#discussion_r425891986
MDI0OlB1bGxSZXF1ZXN0UmV2aWV3Q29tbWVudDQ0OTE0NTM1NA==,https://github.com/apache/geode/pull/5333#discussion_r449145354
MDI0OlB1bGxSZXF1ZXN0UmV2aWV3Q29tbWVudDQwMTEyMjg2MQ==,https://github.com/awslabs/smithy/pull/337#discussion_r401122861
MDI0OlB1bGxSZXF1ZXN0UmV2aWV3Q29tbWVudDQ5MzAxMDYyNw==,https://github.com/open-telemetry/opentelemetry-java-instrumentation/pull/1236#discussion_r493010627
MDI0OlB1bGxSZXF1ZXN0UmV2aWV3Q29tbWVudDQ4MTk5Njc4MA==,https://github.com/keycloak/keycloak/pull/7302#discussion_r481996780
MDI0OlB1bGxSZXF1ZXN0UmV2aWV3Q29tbWVudDQ3NTM1OTk3OA==,https://github.com/netty/netty/pull/10483#discussion_r475359978
MDI0OlB1bGxSZXF1ZXN0UmV2aWV3Q29tbWVudDU0NzQ0OTE3OA==,https://github.com/opencast/opencast/pull/2125#discussion_r547449178
MDI0OlB1bGxSZXF1ZXN0UmV2aWV3Q29tbWVudDUwMDQ3OTkyMw==,https://github.com/apache/helix/pull/1441#discussion_r500479923
MDI0OlB1bGxSZXF1ZXN0UmV2aWV3Q29tbWVudDM2NTU3MzE5OA==,https://github.com/apache/hudi/pull/1210#discussion_r365573198
MDI0OlB1bGxSZXF1ZXN0UmV2aWV3Q29tbWVudDU0Njg2OTMxMw==,https://github.com/Anuken/Mindustry/pull/3267#discussion_r546869313
MDI0OlB1bGxSZXF1ZXN0UmV2aWV3Q29tbWVudDU0MTA5MzY0OA==,https://github.com/apache/pinot/pull/6326#discussion_r541093648
MDI0OlB1bGxSZXF1ZXN0UmV2aWV3Q29tbWVudDQ3NTY4ODYzNg==,https://github.com/all-of-us/workbench/pull/3887#discussion_r475688636
MDI0OlB1bGxSZXF1ZXN0UmV2aWV3Q29tbWVudDU0MDMwMTk3Mw==,https://github.com/infinispan/infinispan/pull/8925#discussion_r540301973
MDI0OlB1bGxSZXF1ZXN0UmV2aWV3Q29tbWVudDUwMTU1MjAyMA==,https://github.com/CESNET/perun/pull/2913#discussion_r501552020
MDI0OlB1bGxSZXF1ZXN0UmV2aWV3Q29tbWVudDM5NTc2NTA3OQ==,https://github.com/elastic/elasticsearch/pull/53463#discussion_r395765079
MDI0OlB1bGxSZXF1ZXN0UmV2aWV3Q29tbWVudDUxNzY4MTk2MA==,https://github.com/linkedin/brooklin/pull/773#discussion_r517681960
MDI0OlB1bGxSZXF1ZXN0UmV2aWV3Q29tbWVudDUzODg4Njk2OQ==,https://github.com/GoogleContainerTools/jib/pull/2929#discussion_r538886969
MDI0OlB1bGxSZXF1ZXN0UmV2aWV3Q29tbWVudDU0NzQ0Nzk5Mg==,https://github.com/opencast/opencast/pull/2125#discussion_r547447992
MDI0OlB1bGxSZXF1ZXN0UmV2aWV3Q29tbWVudDQwNTMzNTM5Mw==,https://github.com/apple/servicetalk/pull/980#discussion_r405335393
MDI0OlB1bGxSZXF1ZXN0UmV2aWV3Q29tbWVudDM2NzYwMTIzNw==,https://github.com/palantir/atlasdb/pull/4512#discussion_r367601237
MDI0OlB1bGxSZXF1ZXN0UmV2aWV3Q29tbWVudDQ3MDc4NjAzMA==,https://github.com/GoogleContainerTools/jib/pull/2701#discussion_r470786030
MDI0OlB1bGxSZXF1ZXN0UmV2aWV3Q29tbWVudDQxOTI0Mjg3OA==,https://github.com/eclipse/rdf4j/pull/2146#discussion_r419242878
MDI0OlB1bGxSZXF1ZXN0UmV2aWV3Q29tbWVudDQwOTMzMTE2Mw==,https://github.com/AzureAD/microsoft-authentication-library-common-for-android/pull/880#discussion_r409331163
MDI0OlB1bGxSZXF1ZXN0UmV2aWV3Q29tbWVudDM4NDg5NjA2Mg==,https://github.com/linkedin/rest.li/pull/192#discussion_r384896062
MDI0OlB1bGxSZXF1ZXN0UmV2aWV3Q29tbWVudDQ4ODU4Mjg1Ng==,https://github.com/palantir/atlasdb/pull/4982#discussion_r488582856
MDI0OlB1bGxSZXF1ZXN0UmV2aWV3Q29tbWVudDQzMzg0MDU0MQ==,https://github.com/eclipse/jkube/pull/216#discussion_r433840541
MDI0OlB1bGxSZXF1ZXN0UmV2aWV3Q29tbWVudDU0MzczNjUzNw==,https://github.com/linkedin/rest.li/pull/484#discussion_r543736537
MDI0OlB1bGxSZXF1ZXN0UmV2aWV3Q29tbWVudDUxODk2MjE3Nw==,https://github.com/MegaMek/mekhq/pull/2189#discussion_r518962177
MDI0OlB1bGxSZXF1ZXN0UmV2aWV3Q29tbWVudDQzNjkzMjY0OA==,https://github.com/openhab/openhab-addons/pull/7509#discussion_r436932648
MDI0OlB1bGxSZXF1ZXN0UmV2aWV3Q29tbWVudDM2OTI1ODMyNA==,https://github.com/open-telemetry/opentelemetry-java-instrumentation/pull/75#discussion_r369258324
MDI0OlB1bGxSZXF1ZXN0UmV2aWV3Q29tbWVudDM4NTM0NDIzMg==,https://github.com/ConsenSys/teku/pull/1238#discussion_r385344232
MDI0OlB1bGxSZXF1ZXN0UmV2aWV3Q29tbWVudDQ0NTc5Nzk5Mg==,https://github.com/EssentialsX/Essentials/pull/3408#discussion_r445797992
MDI0OlB1bGxSZXF1ZXN0UmV2aWV3Q29tbWVudDUzMjgwMzM4Mw==,https://github.com/mulesoft/mule/pull/9804#discussion_r532803383
MDI0OlB1bGxSZXF1ZXN0UmV2aWV3Q29tbWVudDQ3MDYwMjA4OA==,https://github.com/reactor/reactor-core/pull/2326#discussion_r470602088
MDI0OlB1bGxSZXF1ZXN0UmV2aWV3Q29tbWVudDM2OTUzMzk4Mg==,https://github.com/telstra/open-kilda/pull/3133#discussion_r369533982
MDI0OlB1bGxSZXF1ZXN0UmV2aWV3Q29tbWVudDQyMjMwOTIwNQ==,https://github.com/JabRef/jabref/pull/6407#discussion_r422309205
MDI0OlB1bGxSZXF1ZXN0UmV2aWV3Q29tbWVudDM4Nzg2MTM1OA==,https://github.com/apache/helix/pull/827#discussion_r387861358
MDI0OlB1bGxSZXF1ZXN0UmV2aWV3Q29tbWVudDQ5NzAxODA1MQ==,https://github.com/Azure/azure-sdk-for-java/pull/15735#discussion_r497018051
MDI0OlB1bGxSZXF1ZXN0UmV2aWV3Q29tbWVudDQyNTEzODgwMA==,https://github.com/broadinstitute/picard/pull/1480#discussion_r425138800
MDI0OlB1bGxSZXF1ZXN0UmV2aWV3Q29tbWVudDUxNjU2NDA5Nw==,https://github.com/palantir/atlasdb/pull/5088#discussion_r516564097
MDI0OlB1bGxSZXF1ZXN0UmV2aWV3Q29tbWVudDUwOTQ1Njc4MQ==,https://github.com/apache/iceberg/pull/1586#discussion_r509456781
MDI0OlB1bGxSZXF1ZXN0UmV2aWV3Q29tbWVudDQzMzQyODU5NQ==,https://github.com/Azure/azure-sdk-for-android/pull/237#discussion_r433428595
MDI0OlB1bGxSZXF1ZXN0UmV2aWV3Q29tbWVudDM3NjUzNTM5Mw==,https://github.com/ballerina-platform/ballerina-lang/pull/20914#discussion_r376535393
MDI0OlB1bGxSZXF1ZXN0UmV2aWV3Q29tbWVudDM3OTMwNDM2OQ==,https://github.com/apache/lucene-solr/pull/1234#discussion_r379304369
MDI0OlB1bGxSZXF1ZXN0UmV2aWV3Q29tbWVudDQwOTU4MDgyMA==,https://github.com/ankidroid/Anki-Android/pull/6027#discussion_r409580820
MDI0OlB1bGxSZXF1ZXN0UmV2aWV3Q29tbWVudDQ0MDYwMTk3NA==,https://github.com/apache/jena/pull/759#discussion_r440601974
MDI0OlB1bGxSZXF1ZXN0UmV2aWV3Q29tbWVudDU0MTgzNDcxMw==,https://github.com/AzureAD/microsoft-authentication-library-common-for-android/pull/1142#discussion_r541834713
MDI0OlB1bGxSZXF1ZXN0UmV2aWV3Q29tbWVudDQ5NDQyNDQ4NA==,https://github.com/palantir/atlasdb/pull/4996#discussion_r494424484
MDI0OlB1bGxSZXF1ZXN0UmV2aWV3Q29tbWVudDQ5OTI5MzUwOQ==,https://github.com/MegaMek/mekhq/pull/2105#discussion_r499293509
MDI0OlB1bGxSZXF1ZXN0UmV2aWV3Q29tbWVudDM4Mzk3MjU1Mw==,https://github.com/apache/druid/pull/9384#discussion_r383972553
MDI0OlB1bGxSZXF1ZXN0UmV2aWV3Q29tbWVudDM4MjE0MTI5Mg==,https://github.com/quarkusio/quarkus/pull/7270#discussion_r382141292
MDI0OlB1bGxSZXF1ZXN0UmV2aWV3Q29tbWVudDQwNzkxMzMwMQ==,https://github.com/opendistro-for-elasticsearch/anomaly-detection/pull/84#discussion_r407913301
MDI0OlB1bGxSZXF1ZXN0UmV2aWV3Q29tbWVudDQyODU2MDE0Mg==,https://github.com/google/ground-android/pull/473#discussion_r428560142
MDI0OlB1bGxSZXF1ZXN0UmV2aWV3Q29tbWVudDUzNjgxNzUzOA==,https://github.com/yahoo/elide/pull/1707#discussion_r536817538
MDI0OlB1bGxSZXF1ZXN0UmV2aWV3Q29tbWVudDM2NDgxOTI0Mg==,https://github.com/dotCMS/core/pull/17791#discussion_r364819242
MDI0OlB1bGxSZXF1ZXN0UmV2aWV3Q29tbWVudDQ4NTcxODE3Nw==,https://github.com/hmcts/ccd-data-store-api/pull/1092#discussion_r485718177
MDI0OlB1bGxSZXF1ZXN0UmV2aWV3Q29tbWVudDQwNjM3MDU1Ng==,https://github.com/DataDog/dd-trace-java/pull/1358#discussion_r406370556
MDI0OlB1bGxSZXF1ZXN0UmV2aWV3Q29tbWVudDUxMTg4NjEzMQ==,https://github.com/apache/rocketmq/pull/2376#discussion_r511886131
MDI0OlB1bGxSZXF1ZXN0UmV2aWV3Q29tbWVudDUyMDc2MjM5Mw==,https://github.com/linkedin/cruise-control/pull/1381#discussion_r520762393
MDI0OlB1bGxSZXF1ZXN0UmV2aWV3Q29tbWVudDQwMDQzMTU4MA==,https://github.com/DSpace/DSpace/pull/2726#discussion_r400431580
MDI0OlB1bGxSZXF1ZXN0UmV2aWV3Q29tbWVudDQ0NTY2ODM0NA==,https://github.com/apache/pinot/pull/5617#discussion_r445668344
MDI0OlB1bGxSZXF1ZXN0UmV2aWV3Q29tbWVudDQ3MzczOTk5OA==,https://github.com/testcontainers/testcontainers-java/pull/3021#discussion_r473739998
MDI0OlB1bGxSZXF1ZXN0UmV2aWV3Q29tbWVudDM5MzIzNjM3Mw==,https://github.com/apache/ozone/pull/688#discussion_r393236373
MDI0OlB1bGxSZXF1ZXN0UmV2aWV3Q29tbWVudDQ5NDAyMDM3MA==,https://github.com/firebase/firebase-android-sdk/pull/1333#discussion_r494020370
MDI0OlB1bGxSZXF1ZXN0UmV2aWV3Q29tbWVudDQwMDgxODA0Mw==,https://github.com/elastic/elasticsearch/pull/54439#discussion_r400818043
MDI0OlB1bGxSZXF1ZXN0UmV2aWV3Q29tbWVudDQwOTU4MDIwMw==,https://github.com/apache/flink/pull/11353#discussion_r409580203
MDI0OlB1bGxSZXF1ZXN0UmV2aWV3Q29tbWVudDQ0Mjc1NzE3Mw==,https://github.com/apache/kafka/pull/8683#discussion_r442757173
MDI0OlB1bGxSZXF1ZXN0UmV2aWV3Q29tbWVudDQyODgxODY0Mw==,https://github.com/openhab/openhab-addons/pull/7266#discussion_r428818643
MDI0OlB1bGxSZXF1ZXN0UmV2aWV3Q29tbWVudDM2ODM4MTYwOA==,https://github.com/ConsenSys/teku/pull/1083#discussion_r368381608
MDI0OlB1bGxSZXF1ZXN0UmV2aWV3Q29tbWVudDU1MTgxMjc4MQ==,https://github.com/Graylog2/graylog2-server/pull/9790#discussion_r551812781
MDI0OlB1bGxSZXF1ZXN0UmV2aWV3Q29tbWVudDQ0ODE0ODYyMw==,https://github.com/openmrs/openmrs-core/pull/3279#discussion_r448148623
MDI0OlB1bGxSZXF1ZXN0UmV2aWV3Q29tbWVudDUzMDE5MDIyMQ==,https://github.com/apache/iotdb/pull/2113#discussion_r530190221
MDI0OlB1bGxSZXF1ZXN0UmV2aWV3Q29tbWVudDQ0OTY1OTkwMA==,https://github.com/ballerina-platform/ballerina-lang/pull/24057#discussion_r449659900
MDI0OlB1bGxSZXF1ZXN0UmV2aWV3Q29tbWVudDU1MDEzMDczMg==,https://github.com/PGMDev/PGM/pull/758#discussion_r550130732
MDI0OlB1bGxSZXF1ZXN0UmV2aWV3Q29tbWVudDM5NTIwODg3Mw==,https://github.com/aws-greengrass/aws-greengrass-nucleus/pull/116#discussion_r395208873
MDI0OlB1bGxSZXF1ZXN0UmV2aWV3Q29tbWVudDUzNTg2OTYwMA==,https://github.com/quarkusio/quarkus/pull/13601#discussion_r535869600
MDI0OlB1bGxSZXF1ZXN0UmV2aWV3Q29tbWVudDQ3MjAyNzE4MQ==,https://github.com/confluentinc/ksql/pull/6043#discussion_r472027181
MDI0OlB1bGxSZXF1ZXN0UmV2aWV3Q29tbWVudDQ5ODk3Mjg2MQ==,https://github.com/apache/ozone/pull/1435#discussion_r498972861
MDI0OlB1bGxSZXF1ZXN0UmV2aWV3Q29tbWVudDQyMDI5MTYzNg==,https://github.com/GoogleCloudPlatform/cloud-opensource-java/pull/1385#discussion_r420291636
MDI0OlB1bGxSZXF1ZXN0UmV2aWV3Q29tbWVudDQzNzg1NzE5OA==,https://github.com/broadinstitute/gatk/pull/6634#discussion_r437857198
MDI0OlB1bGxSZXF1ZXN0UmV2aWV3Q29tbWVudDQ0NzI1MTA5Mg==,https://github.com/EssentialsX/Essentials/pull/3404#discussion_r447251092
MDI0OlB1bGxSZXF1ZXN0UmV2aWV3Q29tbWVudDM5NTQzMDI2NA==,https://github.com/ConsenSys/teku/pull/1426#discussion_r395430264
MDI0OlB1bGxSZXF1ZXN0UmV2aWV3Q29tbWVudDUyMjg2OTA3Ng==,https://github.com/kiegroup/optaplanner/pull/1030#discussion_r522869076
MDI0OlB1bGxSZXF1ZXN0UmV2aWV3Q29tbWVudDQ0MTY3MTc2NA==,https://github.com/openhab/openhab-addons/pull/7858#discussion_r441671764
MDI0OlB1bGxSZXF1ZXN0UmV2aWV3Q29tbWVudDU3MTUzMDQ4Mw==,https://github.com/openhab/openhab-addons/pull/8576#discussion_r571530483
MDI0OlB1bGxSZXF1ZXN0UmV2aWV3Q29tbWVudDM4MTM0MDQ5MA==,https://github.com/jenkinsci/jenkins/pull/4506#discussion_r381340490
MDI0OlB1bGxSZXF1ZXN0UmV2aWV3Q29tbWVudDQ1MDQ0MDg4NQ==,https://github.com/apache/beam/pull/12169#discussion_r450440885
MDI0OlB1bGxSZXF1ZXN0UmV2aWV3Q29tbWVudDM3Nzc1OTQ4NA==,https://github.com/nordic-institute/X-Road/pull/344#discussion_r377759484
MDI0OlB1bGxSZXF1ZXN0UmV2aWV3Q29tbWVudDQxODc1NzQ3NA==,https://github.com/rstudio/rstudio/pull/6787#discussion_r418757474
MDI0OlB1bGxSZXF1ZXN0UmV2aWV3Q29tbWVudDQ2NjYwMDYwMg==,https://github.com/opensearch-project/security/pull/560#discussion_r466600602
MDI0OlB1bGxSZXF1ZXN0UmV2aWV3Q29tbWVudDUwNzgwOTkxOA==,https://github.com/open-telemetry/opentelemetry-java/pull/1835#discussion_r507809918
MDI0OlB1bGxSZXF1ZXN0UmV2aWV3Q29tbWVudDQ1MTE4MzEyNA==,https://github.com/AzureAD/microsoft-authentication-library-common-for-android/pull/954#discussion_r451183124
MDI0OlB1bGxSZXF1ZXN0UmV2aWV3Q29tbWVudDM2MjY1MTE4OA==,https://github.com/apache/pinot/pull/4955#discussion_r362651188
MDI0OlB1bGxSZXF1ZXN0UmV2aWV3Q29tbWVudDQ0MDkyMTY5Ng==,https://github.com/ConsenSys/teku/pull/2154#discussion_r440921696
MDI0OlB1bGxSZXF1ZXN0UmV2aWV3Q29tbWVudDUyMzI0NjkyMQ==,https://github.com/apache/beam/pull/13319#discussion_r523246921
MDI0OlB1bGxSZXF1ZXN0UmV2aWV3Q29tbWVudDUzMTQ0NTM5OA==,https://github.com/dhis2/dhis2-core/pull/6766#discussion_r531445398
MDI0OlB1bGxSZXF1ZXN0UmV2aWV3Q29tbWVudDUzNDgzNTg4OQ==,https://github.com/vmware/singleton/pull/878#discussion_r534835889
MDI0OlB1bGxSZXF1ZXN0UmV2aWV3Q29tbWVudDUxMzEwNTczNg==,https://github.com/apache/pinot/pull/6204#discussion_r513105736
MDI0OlB1bGxSZXF1ZXN0UmV2aWV3Q29tbWVudDUwMzc0MDQzMA==,https://github.com/dhis2/dhis2-core/pull/6345#discussion_r503740430
MDI0OlB1bGxSZXF1ZXN0UmV2aWV3Q29tbWVudDQyNTkyOTYxMg==,https://github.com/DSpace/DSpace/pull/2726#discussion_r425929612
MDI0OlB1bGxSZXF1ZXN0UmV2aWV3Q29tbWVudDM4OTk3MDUzNg==,https://github.com/cdapio/cdap/pull/11925#discussion_r389970536
MDI0OlB1bGxSZXF1ZXN0UmV2aWV3Q29tbWVudDQyMTMxNDQyMg==,https://github.com/micronaut-projects/micronaut-core/pull/3168#discussion_r421314422
MDI0OlB1bGxSZXF1ZXN0UmV2aWV3Q29tbWVudDQxMjcxNDU0MA==,https://github.com/apache/beam/pull/11478#discussion_r412714540
MDI0OlB1bGxSZXF1ZXN0UmV2aWV3Q29tbWVudDM4MzA0ODg4OQ==,https://github.com/runelite/runelite/pull/10866#discussion_r383048889
MDI0OlB1bGxSZXF1ZXN0UmV2aWV3Q29tbWVudDM3MTA3NjM5OQ==,https://github.com/ballerina-platform/ballerina-lang/pull/20690#discussion_r371076399
MDI0OlB1bGxSZXF1ZXN0UmV2aWV3Q29tbWVudDQ1ODk5NzExMQ==,https://github.com/GoogleCloudPlatform/fda-mystudies/pull/656#discussion_r458997111
MDI0OlB1bGxSZXF1ZXN0UmV2aWV3Q29tbWVudDQ5MDk4MDc5Nw==,https://github.com/GoogleCloudPlatform/fda-mystudies/pull/981#discussion_r490980797
MDI0OlB1bGxSZXF1ZXN0UmV2aWV3Q29tbWVudDQ2OTU0MTIxMw==,https://github.com/temporalio/sdk-java/pull/172#discussion_r469541213
MDI0OlB1bGxSZXF1ZXN0UmV2aWV3Q29tbWVudDQ3OTY1OTYzNQ==,https://github.com/apache/skywalking/pull/5412#discussion_r479659635
MDI0OlB1bGxSZXF1ZXN0UmV2aWV3Q29tbWVudDQ4NTI4MjkxOA==,https://github.com/elastic/elasticsearch/pull/61987#discussion_r485282918
MDI0OlB1bGxSZXF1ZXN0UmV2aWV3Q29tbWVudDM4NzA4NjIwNg==,https://github.com/elastic/elasticsearch/pull/53033#discussion_r387086206
MDI0OlB1bGxSZXF1ZXN0UmV2aWV3Q29tbWVudDM4NjAwOTM4NQ==,https://github.com/apache/hudi/pull/1360#discussion_r386009385
MDI0OlB1bGxSZXF1ZXN0UmV2aWV3Q29tbWVudDQzODQzOTgyMw==,https://github.com/runelite/runelite/pull/11852#discussion_r438439823
MDI0OlB1bGxSZXF1ZXN0UmV2aWV3Q29tbWVudDQ4MDM3MjM2NQ==,https://github.com/Azure/azure-sdk-for-java/pull/14636#discussion_r480372365
MDI0OlB1bGxSZXF1ZXN0UmV2aWV3Q29tbWVudDQ1Nzk3NzcwOQ==,https://github.com/apache/hive/pull/1275#discussion_r457977709
MDI0OlB1bGxSZXF1ZXN0UmV2aWV3Q29tbWVudDM5Njg2NTA4Nw==,https://github.com/aws-greengrass/aws-greengrass-nucleus/pull/128#discussion_r396865087
MDI0OlB1bGxSZXF1ZXN0UmV2aWV3Q29tbWVudDQwMTUyMjY0MQ==,https://github.com/edx/edx-app-android/pull/1385#discussion_r401522641
MDI0OlB1bGxSZXF1ZXN0UmV2aWV3Q29tbWVudDUxNjMzOTA2NA==,https://github.com/ls1intum/Artemis/pull/2307#discussion_r516339064
MDI0OlB1bGxSZXF1ZXN0UmV2aWV3Q29tbWVudDQzMDgyNjY0Mw==,https://github.com/apache/kafka/pull/8589#discussion_r430826643
MDI0OlB1bGxSZXF1ZXN0UmV2aWV3Q29tbWVudDM5MTMxNzExMQ==,https://github.com/apache/kafka/pull/8265#discussion_r391317111
MDI0OlB1bGxSZXF1ZXN0UmV2aWV3Q29tbWVudDQ5NjY0ODY1MA==,https://github.com/camunda-cloud/zeebe/pull/5343#discussion_r496648650
MDI0OlB1bGxSZXF1ZXN0UmV2aWV3Q29tbWVudDUwNDMxNzUwMg==,https://github.com/Azure/azure-sdk-for-android/pull/386#discussion_r504317502
MDI0OlB1bGxSZXF1ZXN0UmV2aWV3Q29tbWVudDM5MjUxMTY3OQ==,https://github.com/apache/kafka/pull/8262#discussion_r392511679
MDI0OlB1bGxSZXF1ZXN0UmV2aWV3Q29tbWVudDUxMDU1NjgyMQ==,https://github.com/ballerina-platform/ballerina-lang/pull/26422#discussion_r510556821
MDI0OlB1bGxSZXF1ZXN0UmV2aWV3Q29tbWVudDQyNTUzODI5MQ==,https://github.com/apache/flink/pull/12025#discussion_r425538291
MDI0OlB1bGxSZXF1ZXN0UmV2aWV3Q29tbWVudDU1MzA3OTg1NA==,https://github.com/tensorflow/java/pull/178#discussion_r553079854
MDI0OlB1bGxSZXF1ZXN0UmV2aWV3Q29tbWVudDUzNzU4NzU1Nw==,https://github.com/dhis2/dhis2-core/pull/6843#discussion_r537587557
MDI0OlB1bGxSZXF1ZXN0UmV2aWV3Q29tbWVudDQ1MTgzNDkyMQ==,https://github.com/openhab/openhab-addons/pull/7651#discussion_r451834921
MDI0OlB1bGxSZXF1ZXN0UmV2aWV3Q29tbWVudDQ1Mzk5MjQyNA==,https://github.com/apache/beam/pull/12232#discussion_r453992424
MDI0OlB1bGxSZXF1ZXN0UmV2aWV3Q29tbWVudDM5NTA4OTczMg==,https://github.com/apache/iceberg/pull/854#discussion_r395089732
MDI0OlB1bGxSZXF1ZXN0UmV2aWV3Q29tbWVudDU0NjUxNDA0Mg==,https://github.com/apache/ozone/pull/1694#discussion_r546514042
MDI0OlB1bGxSZXF1ZXN0UmV2aWV3Q29tbWVudDM5Njc2MzE1NA==,https://github.com/awslabs/smithy/pull/318#discussion_r396763154
MDI0OlB1bGxSZXF1ZXN0UmV2aWV3Q29tbWVudDM5MTk3Njg1Nw==,https://github.com/grpc/grpc-java/pull/6809#discussion_r391976857
MDI0OlB1bGxSZXF1ZXN0UmV2aWV3Q29tbWVudDQ2MjI0MTI5MA==,https://github.com/apache/dolphinscheduler/pull/3315#discussion_r462241290
MDI0OlB1bGxSZXF1ZXN0UmV2aWV3Q29tbWVudDQ1MjUyMjc0OQ==,https://github.com/Azure/azure-sdk-for-android/pull/252#discussion_r452522749
MDI0OlB1bGxSZXF1ZXN0UmV2aWV3Q29tbWVudDQ4MTkyNDYxMw==,https://github.com/keycloak/keycloak/pull/7278#discussion_r481924613
MDI0OlB1bGxSZXF1ZXN0UmV2aWV3Q29tbWVudDQ3ODQxMzA1Ng==,https://github.com/quarkusio/quarkus/pull/11669#discussion_r478413056
MDI0OlB1bGxSZXF1ZXN0UmV2aWV3Q29tbWVudDQ4MDEzNzY4Ng==,https://github.com/hazelcast/hazelcast/pull/17437#discussion_r480137686
MDI0OlB1bGxSZXF1ZXN0UmV2aWV3Q29tbWVudDM5NDg5MTgwNg==,https://github.com/kiegroup/optaplanner/pull/720#discussion_r394891806
MDI0OlB1bGxSZXF1ZXN0UmV2aWV3Q29tbWVudDUyNDk5MzUxNA==,https://github.com/open-telemetry/opentelemetry-java-instrumentation/pull/1650#discussion_r524993514
MDI0OlB1bGxSZXF1ZXN0UmV2aWV3Q29tbWVudDM5NjQ1NTcwOA==,https://github.com/AxonFramework/AxonFramework/pull/1337#discussion_r396455708
MDI0OlB1bGxSZXF1ZXN0UmV2aWV3Q29tbWVudDM4NjczNjA0OQ==,https://github.com/firebase/firebase-android-sdk/pull/1304#discussion_r386736049
MDI0OlB1bGxSZXF1ZXN0UmV2aWV3Q29tbWVudDQ3NDQ2NDkwNw==,https://github.com/commons-app/apps-android-commons/pull/3905#discussion_r474464907
MDI0OlB1bGxSZXF1ZXN0UmV2aWV3Q29tbWVudDQ1MjgwOTg4Mw==,https://github.com/kiegroup/appformer/pull/995#discussion_r452809883
MDI0OlB1bGxSZXF1ZXN0UmV2aWV3Q29tbWVudDUwNjU1MDk5NQ==,https://github.com/apache/lucene-solr/pull/1995#discussion_r506550995
MDI0OlB1bGxSZXF1ZXN0UmV2aWV3Q29tbWVudDQ5ODQ3MzkyMA==,https://github.com/MegaMek/mekhq/pull/2088#discussion_r498473920
MDI0OlB1bGxSZXF1ZXN0UmV2aWV3Q29tbWVudDQ2ODc3NzczNA==,https://github.com/palantir/atlasdb/pull/4937#discussion_r468777734
MDI0OlB1bGxSZXF1ZXN0UmV2aWV3Q29tbWVudDM3ODE4Mjg5NA==,https://github.com/eclipse/hono/pull/1762#discussion_r378182894
MDI0OlB1bGxSZXF1ZXN0UmV2aWV3Q29tbWVudDM5NjkxMzMzMg==,https://github.com/ballerina-platform/ballerina-lang/pull/21680#discussion_r396913332
MDI0OlB1bGxSZXF1ZXN0UmV2aWV3Q29tbWVudDQzNzc4MDUyNA==,https://github.com/apache/iceberg/pull/1098#discussion_r437780524
MDI0OlB1bGxSZXF1ZXN0UmV2aWV3Q29tbWVudDQwOTAyMjU0Nw==,https://github.com/apache/kafka/pull/8478#discussion_r409022547
MDI0OlB1bGxSZXF1ZXN0UmV2aWV3Q29tbWVudDM3MjI3NjA5Nw==,https://github.com/quarkusio/quarkus/pull/6829#discussion_r372276097
MDI0OlB1bGxSZXF1ZXN0UmV2aWV3Q29tbWVudDUxNjQ4MzczMA==,https://github.com/kiegroup/kogito-runtimes/pull/846#discussion_r516483730
MDI0OlB1bGxSZXF1ZXN0UmV2aWV3Q29tbWVudDUxMjIyMDQxMQ==,https://github.com/sakaiproject/sakai/pull/8744#discussion_r512220411
MDI0OlB1bGxSZXF1ZXN0UmV2aWV3Q29tbWVudDM4Nzg5ODM5Nw==,https://github.com/openhab/openhab-addons/pull/7068#discussion_r387898397
MDI0OlB1bGxSZXF1ZXN0UmV2aWV3Q29tbWVudDQ3NjU2OTEzMg==,https://github.com/AzureAD/microsoft-authentication-library-common-for-android/pull/1012#discussion_r476569132
MDI0OlB1bGxSZXF1ZXN0UmV2aWV3Q29tbWVudDYwODY0MzY3MA==,https://github.com/elastic/apm-agent-java/pull/1305#discussion_r608643670
MDI0OlB1bGxSZXF1ZXN0UmV2aWV3Q29tbWVudDQ4Nzg0Njg5NQ==,https://github.com/elastic/elasticsearch/pull/62086#discussion_r487846895
MDI0OlB1bGxSZXF1ZXN0UmV2aWV3Q29tbWVudDQyODMxMjE0MA==,https://github.com/aws-amplify/amplify-android/pull/497#discussion_r428312140
MDI0OlB1bGxSZXF1ZXN0UmV2aWV3Q29tbWVudDUyNDU1MTU2NA==,https://github.com/broadinstitute/picard/pull/1603#discussion_r524551564
MDI0OlB1bGxSZXF1ZXN0UmV2aWV3Q29tbWVudDQyNDY1OTE0OA==,https://github.com/GoogleCloudPlatform/fda-mystudies/pull/390#discussion_r424659148
MDI0OlB1bGxSZXF1ZXN0UmV2aWV3Q29tbWVudDQ4NTAwNjAxNw==,https://github.com/ldtteam/minecolonies/pull/5728#discussion_r485006017
MDI0OlB1bGxSZXF1ZXN0UmV2aWV3Q29tbWVudDU1NDA1Njc2OA==,https://github.com/cBioPortal/cbioportal/pull/8086#discussion_r554056768
MDI0OlB1bGxSZXF1ZXN0UmV2aWV3Q29tbWVudDQwMDI1MDcwMg==,https://github.com/elastic/elasticsearch/pull/54429#discussion_r400250702
MDI0OlB1bGxSZXF1ZXN0UmV2aWV3Q29tbWVudDM4NTQ4MDcwNQ==,https://github.com/checkstyle/checkstyle/pull/7634#discussion_r385480705
MDI0OlB1bGxSZXF1ZXN0UmV2aWV3Q29tbWVudDUxNTA5OTA3NA==,https://github.com/palantir/atlasdb/pull/5089#discussion_r515099074
MDI0OlB1bGxSZXF1ZXN0UmV2aWV3Q29tbWVudDU1MDQyMDg1OA==,https://github.com/googleapis/java-spanner/pull/576#discussion_r550420858
MDI0OlB1bGxSZXF1ZXN0UmV2aWV3Q29tbWVudDM4OTAzNjg5Nw==,https://github.com/IBM/FHIR/pull/761#discussion_r389036897
MDI0OlB1bGxSZXF1ZXN0UmV2aWV3Q29tbWVudDQ0ODQzNTYxNA==,https://github.com/GoogleContainerTools/jib/pull/2555#discussion_r448435614
MDI0OlB1bGxSZXF1ZXN0UmV2aWV3Q29tbWVudDQzODg2MjkxMg==,https://github.com/elastic/elasticsearch/pull/57573#discussion_r438862912
MDI0OlB1bGxSZXF1ZXN0UmV2aWV3Q29tbWVudDQ2MTk1MTQ4OA==,https://github.com/open-telemetry/opentelemetry-java-instrumentation/pull/827#discussion_r461951488
MDI0OlB1bGxSZXF1ZXN0UmV2aWV3Q29tbWVudDM3MjEzNzE5Mg==,https://github.com/apache/beam/pull/10702#discussion_r372137192
MDI0OlB1bGxSZXF1ZXN0UmV2aWV3Q29tbWVudDQxMjIzMjE4MA==,https://github.com/hmcts/ccd-data-store-api/pull/909#discussion_r412232180
MDI0OlB1bGxSZXF1ZXN0UmV2aWV3Q29tbWVudDQ1ODkzNjcxMw==,https://github.com/linkedin/brooklin/pull/734#discussion_r458936713
MDI0OlB1bGxSZXF1ZXN0UmV2aWV3Q29tbWVudDM5NzUzNTE4Mg==,https://github.com/ConsenSys/teku/pull/1445#discussion_r397535182
MDI0OlB1bGxSZXF1ZXN0UmV2aWV3Q29tbWVudDUxNTczNjI3MA==,https://github.com/AzureAD/microsoft-authentication-library-common-for-android/pull/1108#discussion_r515736270
MDI0OlB1bGxSZXF1ZXN0UmV2aWV3Q29tbWVudDQzMzU0OTUzOA==,https://github.com/Iterable/iterable-android-sdk/pull/236#discussion_r433549538